industry,adoption_rate
Agriculture,50.32904937033322
Technology,50.017133009815815
Finance,49.96048112999338
Healthcare,49.86879125731317
Transportation,49.84292928736645
Education,49.78898186813187
Retail,49.60713953359552
Manufacturing,49.57580445612306
